epoch,train_loss,train_acc,val_loss,val_acc
1,0.6282128691673279,0.5875,0.693373441696167,0.5
2,0.6829552292823792,0.7125,0.6935765743255615,0.5
3,0.5074576437473297,0.7625,0.6936113238334656,0.5
4,0.21747671961784362,0.95,0.6946233510971069,0.5
5,0.12193218171596527,0.9625,0.6960824131965637,0.5
6,0.04821924073621631,0.975,0.6961660385131836,0.5
7,0.3568368101492524,0.875,0.6948087811470032,0.5
8,0.2551802031695843,0.9125,0.6947044134140015,0.5
9,0.06701403707265854,0.975,0.6947448253631592,0.5
10,0.0503343915566802,0.9875,0.6947542428970337,0.5
